{
    "Simulations": [
        {
            "Time_Qutip": 0.077035284,
            "Relative_Error": [
                null,
                3.97345031723321e-06,
                3.2938404661798973e-06,
                0.0003036855186804135,
                0.02356000542801329,
                0.04383074669859633
            ],
            "n_modes": 2,
            "Time_H": 9.162137001,
            "Time_Julia": 13.984119275,
            "Qutip_Evals": [
                0.0,
                4207570233.4917793,
                5238603163.43361,
                8415069110.987481,
                9445687085.913218,
                10224702570.371302
            ],
            "DMRG_Evals": [
                0.0,
                4207586952.0630584,
                5238585908.310524,
                8417624645.615183,
                9668227524.928648,
                9776546221.94087
            ]
        },
        {
            "Time_Qutip": 0.437985336,
            "Relative_Error": [
                null,
                2.325750409394152e-05,
                2.3819920195734623e-05,
                3.500146270290272e-06,
                2.3246108267928227e-05,
                0.00010163815988849739,
                0.009500345938760953,
                0.04534442264701247,
                0.08841556169206215
            ],
            "n_modes": 3,
            "Time_H": 9.573544155,
            "Time_Julia": 10.735447265,
            "Qutip_Evals": [
                0.0,
                4207567097.3723884,
                5233925625.9507885,
                6369894380.341458,
                8415062832.436042,
                9440990758.580893,
                10210486997.395943,
                10577460487.401718,
                11600102278.320377
            ],
            "DMRG_Evals": [
                0.0,
                4207469239.8633957,
                5233800954.260068,
                6369916675.903516,
                8414867214.974358,
                9441950323.509119,
                10113483838.71746,
                10097831648.5289,
                10574472719.697311
            ]
        },
        {
            "Time_Qutip": 8.233483759,
            "Relative_Error": [
                null,
                2.46041110941727e-05,
                0.0011714393711207036,
                0.0011856842002837841,
                0.002248815478061935,
                2.3686287226741035e-05,
                2.3574829826721794e-05,
                0.0036629212648500668,
                0.04759806318683291,
                0.00292917415389222,
                0.08593942813496495,
                0.002875560488895039
            ],
            "n_modes": 4,
            "Time_H": 22.444979419,
            "Time_Julia": 24.619254105,
            "Qutip_Evals": [
                0.0,
                4207564263.337773,
                5229705112.029616,
                6337225107.356648,
                6370073710.091841,
                8415057158.4735565,
                9436752578.253979,
                10197505033.444504,
                10544788533.915716,
                10577637086.519915,
                11562814953.91711,
                11596970188.489988
            ],
            "DMRG_Evals": [
                0.0,
                4207460739.959202,
                5235831394.497199,
                6344739055.040083,
                6355748589.736191,
                8414857837.012671,
                9436530108.41783,
                10160152375.409084,
                10042877022.986605,
                10546653345.356829,
                10569113249.147053,
                11563622399.225073
            ]
        },
        {
            "Time_Qutip": 47495.924793767,
            "Relative_Error": [
                null,
                4.846111289406451e-05,
                2.296333919472117e-05,
                0.0036443762694437147,
                0.0036059990405320447,
                2.7771501876502415e-05,
                4.859318697335797e-05,
                2.446685590201484e-05,
                0.019221380977931014,
                0.031483059751033146,
                0.0014130960408834802,
                0.07543252842213685,
                0.002465408372022145,
                0.014402597050186695,
                0.06660269320995915
            ],
            "n_modes": 5,
            "Time_H": 641.096510031,
            "Time_Julia": 139.003992661,
            "Qutip_Evals": [
                0.0,
                4207455682.5721593,
                5229692825.683241,
                6337224984.002943,
                6370073606.217695,
                7194464745.319801,
                8414842172.010586,
                9436631510.242308,
                10197470272.327255,
                10544679830.027504,
                10577528401.926807,
                11401706144.630278,
                11562802383.330269,
                11596957738.762123,
                12424143814.677025
            ],
            "DMRG_Evals": [
                0.0,
                4207251784.5873294,
                5229572734.473001,
                6360320216.348769,
                6347103126.905556,
                7194264944.228626,
                8414433268.01157,
                9436400625.538946,
                10001460811.211727,
                10212701044.883234,
                10562581338.419712,
                10541646621.814602,
                11534295353.530369,
                11429931429.442688,
                11596662375.79168
            ]
        }
    ]
}