{
    "Simulations": [
        {
            "Time_Qutip": 0.053715336,
            "n_modes": 2,
            "Time_H": 0.031404106,
            "DMRG evals": [
                0.0,
                4207694905.683478
            ],
            "Realative_Error": [
                null,
                -2.9630448163687143e-05
            ],
            "Time_Julia": 0.089831038,
            "Qutip Evals": [
                0.0,
                4207570233.4917793
            ]
        },
        {
            "Time_Qutip": 0.220273964,
            "n_modes": 3,
            "Time_H": 9.372111357,
            "DMRG evals": [
                0.0,
                4207469896.8139877,
                5233799394.520669
            ],
            "Realative_Error": [
                null,
                2.3101368594058163e-05,
                2.4117925843966004e-05
            ],
            "Time_Julia": 10.034048259,
            "Qutip Evals": [
                0.0,
                4207567097.3723884,
                5233925625.9507885
            ]
        },
        {
            "Time_Qutip": 9.053108517,
            "n_modes": 4,
            "Time_H": 22.46269587,
            "DMRG evals": [
                0.0,
                4207460567.092553,
                5229543984.680817,
                6353394364.698885
            ],
            "Realative_Error": [
                null,
                2.4645195825826182e-05,
                3.0810025679855775e-05,
                -0.002551472776857213
            ],
            "Time_Julia": 9.843259622,
            "Qutip Evals": [
                0.0,
                4207564263.337773,
                5229705112.029616,
                6337225107.356648
            ]
        }
    ]
}