{
    "Simulations": [
        {
            "Time_Qutip": 0.011385714,
            "Relative_Error": [
                null,
                2.184771766627933e-08,
                1.5942584819173093e-08,
                4.450367525820309e-07,
                0.000882160337224049,
                0.021973877255627088
            ],
            "n_modes": 2,
            "Time_H": 0.038503639,
            "Time_Julia": 0.119688188,
            "Qutip_Evals": [
                0.0,
                4207570233.4917793,
                5238603163.43361,
                8415069110.987481,
                9445687085.913218,
                10224702570.371302
            ],
            "DMRG_Evals": [
                0.0,
                4207570141.565973,
                5238603246.950485,
                8415072856.002511,
                9454019696.41824,
                10000026211.114668
            ]
        },
        {
            "Time_Qutip": 0.36475474,
            "Relative_Error": [
                null,
                2.2109648490497542e-05,
                2.478028721883536e-05,
                3.484752024903571e-06,
                2.3325829204964567e-05,
                9.40932641672118e-06,
                0.014737978410522035,
                0.008477460900119757,
                0.11744767922147695
            ],
            "n_modes": 3,
            "Time_H": 0.340173555,
            "Time_Julia": 1.055494044,
            "Qutip_Evals": [
                0.0,
                4207567097.3723884,
                5233925625.9507885,
                6369894380.341458,
                8415062832.436042,
                9440990758.580893,
                10210486997.395943,
                10577460487.401718,
                11600102278.320377
            ],
            "DMRG_Evals": [
                0.0,
                4207474069.5428653,
                5233795927.770495,
                6369916577.843799,
                8414866544.117663,
                9440901925.217148,
                10060005060.467405,
                10487790479.697208,
                10237697186.999882
            ]
        },
        {
            "Time_Qutip": 10.108155892,
            "Relative_Error": [
                null,
                2.414749957981522e-05,
                3.341630723219791e-05,
                0.002135818997764559,
                0.0021188841851133415,
                3.692957616668002e-05,
                7.882752566556852e-05,
                0.017422351741216393,
                0.004639696237856601,
                0.028361369252506586,
                0.08986875671335844,
                0.0029370966732824794
            ],
            "n_modes": 4,
            "Time_H": 14.286203718,
            "Time_Julia": 22.533217807,
            "Qutip_Evals": [
                0.0,
                4207564263.337773,
                5229705112.029616,
                6337225107.356648,
                6370073710.091841,
                8415057158.4735565,
                9436752578.253979,
                10197505033.444504,
                10544788533.915716,
                10577637086.519915,
                11562814953.91711,
                11596970188.489988
            ],
            "DMRG_Evals": [
                0.0,
                4207462661.181492,
                5229530354.596859,
                6350760273.134051,
                6356576261.649521,
                8415367922.967837,
                9436008702.397917,
                10019840513.869009,
                10495863918.225914,
                10277640815.290115,
                10523679149.90195,
                11562908765.929218
            ]
        }
    ]
}