{
    "Simulations": [
        {
            "n_modes": 2,
            "Qutip_time": 0.001294458,
            "DMRG evals": [
                -58378135.04576874,
                4149198602.2732706
            ],
            "Qutip Evals": [
                -58378122.73388053,
                4149192110.7579026
            ],
            "Julia_Time": 0.084934775
        },
        {
            "n_modes": 3,
            "Qutip_time": 0.07191529,
            "DMRG evals": [
                -59940727.7546463,
                4148321926.189498,
                5173014012.343569
            ],
            "Qutip Evals": [
                -60136823.49467644,
                4147430273.8777266,
                5173788802.456116
            ],
            "Julia_Time": 0.555056956
        },
        {
            "n_modes": 4,
            "Qutip_time": 4.010839506,
            "DMRG evals": [
                -61511519.33821106,
                4145951338.485838,
                5168004745.598698,
                6280669330.29382
            ],
            "Qutip Evals": [
                -61716590.69812398,
                4145847672.6396465,
                5167988521.331493,
                6275508516.658512
            ],
            "Julia_Time": 32.043054711
        },
        {
            "n_modes": 5,
            "Qutip_time": 2686.405326617,
            "DMRG evals": [
                -61472143.40150452,
                4145778137.1477165,
                5168051006.448357,
                6307603473.583645,
                6276944093.041811
            ],
            "Qutip Evals": [
                -61829433.00449832,
                4145626249.5676622,
                5167863392.6787195,
                6275395550.9984455,
                6308244173.213196
            ],
            "Julia_Time": 672.098656148
        }
    ]
}